scenario,algorithm,repeat,backend_label,kem_backend,sig_backend,n_clients,dropout_rate,vector_size,phase,time_sec
clients,original,1,Original (DH + ECDSA),DH,classic,500,0.0,100000,advertise_keys,14.238431
clients,original,1,Original (DH + ECDSA),DH,classic,500,0.0,100000,share_keys,1e-06
clients,original,1,Original (DH + ECDSA),DH,classic,500,0.0,100000,verify_sigs,42.614044
clients,original,1,Original (DH + ECDSA),DH,classic,500,0.0,100000,masked_input,8793.506329
clients,original,1,Original (DH + ECDSA),DH,classic,500,0.0,100000,unmasking,0.032828
clients,original,1,Original (DH + ECDSA),DH,classic,500,0.0,100000,total,8850.391633
clients,original,2,Original (DH + ECDSA),DH,classic,500,0.0,100000,advertise_keys,14.131724
clients,original,2,Original (DH + ECDSA),DH,classic,500,0.0,100000,share_keys,0.0
clients,original,2,Original (DH + ECDSA),DH,classic,500,0.0,100000,verify_sigs,42.831402
clients,original,2,Original (DH + ECDSA),DH,classic,500,0.0,100000,masked_input,9121.843803
clients,original,2,Original (DH + ECDSA),DH,classic,500,0.0,100000,unmasking,0.031133
clients,original,2,Original (DH + ECDSA),DH,classic,500,0.0,100000,total,9178.838063
clients,original,3,Original (DH + ECDSA),DH,classic,500,0.0,100000,advertise_keys,15.526182
clients,original,3,Original (DH + ECDSA),DH,classic,500,0.0,100000,share_keys,1e-06
clients,original,3,Original (DH + ECDSA),DH,classic,500,0.0,100000,verify_sigs,44.543062
clients,original,3,Original (DH + ECDSA),DH,classic,500,0.0,100000,masked_input,9036.91625
clients,original,3,Original (DH + ECDSA),DH,classic,500,0.0,100000,unmasking,0.039217
clients,original,3,Original (DH + ECDSA),DH,classic,500,0.0,100000,total,9097.024711
clients,pq,1,PQ (ML-KEM-768 + ML-DSA-65),ML-KEM-768,ML-DSA-65,500,0.0,100000,advertise_keys,56.650662
clients,pq,1,PQ (ML-KEM-768 + ML-DSA-65),ML-KEM-768,ML-DSA-65,500,0.0,100000,share_keys,860.2507
clients,pq,1,PQ (ML-KEM-768 + ML-DSA-65),ML-KEM-768,ML-DSA-65,500,0.0,100000,verify_sigs,4356.753472
clients,pq,1,PQ (ML-KEM-768 + ML-DSA-65),ML-KEM-768,ML-DSA-65,500,0.0,100000,masked_input,1597.94904
clients,pq,1,PQ (ML-KEM-768 + ML-DSA-65),ML-KEM-768,ML-DSA-65,500,0.0,100000,unmasking,0.044404
clients,pq,1,PQ (ML-KEM-768 + ML-DSA-65),ML-KEM-768,ML-DSA-65,500,0.0,100000,total,6871.648278
clients,pq,2,PQ (ML-KEM-768 + ML-DSA-65),ML-KEM-768,ML-DSA-65,500,0.0,100000,advertise_keys,55.422789
clients,pq,2,PQ (ML-KEM-768 + ML-DSA-65),ML-KEM-768,ML-DSA-65,500,0.0,100000,share_keys,842.443637
clients,pq,2,PQ (ML-KEM-768 + ML-DSA-65),ML-KEM-768,ML-DSA-65,500,0.0,100000,verify_sigs,4325.206861
clients,pq,2,PQ (ML-KEM-768 + ML-DSA-65),ML-KEM-768,ML-DSA-65,500,0.0,100000,masked_input,1551.825268
clients,pq,2,PQ (ML-KEM-768 + ML-DSA-65),ML-KEM-768,ML-DSA-65,500,0.0,100000,unmasking,0.044223
clients,pq,2,PQ (ML-KEM-768 + ML-DSA-65),ML-KEM-768,ML-DSA-65,500,0.0,100000,total,6774.942777
clients,pq,3,PQ (ML-KEM-768 + ML-DSA-65),ML-KEM-768,ML-DSA-65,500,0.0,100000,advertise_keys,54.981764
clients,pq,3,PQ (ML-KEM-768 + ML-DSA-65),ML-KEM-768,ML-DSA-65,500,0.0,100000,share_keys,824.207192
clients,pq,3,PQ (ML-KEM-768 + ML-DSA-65),ML-KEM-768,ML-DSA-65,500,0.0,100000,verify_sigs,4204.514777
clients,pq,3,PQ (ML-KEM-768 + ML-DSA-65),ML-KEM-768,ML-DSA-65,500,0.0,100000,masked_input,1528.797512
clients,pq,3,PQ (ML-KEM-768 + ML-DSA-65),ML-KEM-768,ML-DSA-65,500,0.0,100000,unmasking,0.038158
clients,pq,3,PQ (ML-KEM-768 + ML-DSA-65),ML-KEM-768,ML-DSA-65,500,0.0,100000,total,6612.539404
clients,original,1,Original (DH + ECDSA),DH,classic,1000,0.0,100000,advertise_keys,28.834007
clients,original,1,Original (DH + ECDSA),DH,classic,1000,0.0,100000,share_keys,0.0
clients,original,1,Original (DH + ECDSA),DH,classic,1000,0.0,100000,verify_sigs,169.482006
clients,original,1,Original (DH + ECDSA),DH,classic,1000,0.0,100000,masked_input,33658.524239
clients,original,1,Original (DH + ECDSA),DH,classic,1000,0.0,100000,unmasking,0.059392
clients,original,1,Original (DH + ECDSA),DH,classic,1000,0.0,100000,total,33856.899645
clients,original,1,Original (DH + ECDSA),DH,classic,500,0.0,100,advertise_keys,22.985456
clients,original,1,Original (DH + ECDSA),DH,classic,500,0.0,100,share_keys,2e-06
clients,original,1,Original (DH + ECDSA),DH,classic,500,0.0,100,verify_sigs,89.777162
clients,original,1,Original (DH + ECDSA),DH,classic,500,0.0,100,masked_input,15590.441951
clients,original,1,Original (DH + ECDSA),DH,classic,500,0.0,100,unmasking,0.001908
clients,original,1,Original (DH + ECDSA),DH,classic,500,0.0,100,total,15703.20648
clients,pq,1,PQ (ML-KEM-768 + ML-DSA-65),ML-KEM-768,ML-DSA-65,500,0.0,100,advertise_keys,84.278913
clients,pq,1,PQ (ML-KEM-768 + ML-DSA-65),ML-KEM-768,ML-DSA-65,500,0.0,100,share_keys,1301.61114
clients,pq,1,PQ (ML-KEM-768 + ML-DSA-65),ML-KEM-768,ML-DSA-65,500,0.0,100,verify_sigs,6604.335067
clients,pq,1,PQ (ML-KEM-768 + ML-DSA-65),ML-KEM-768,ML-DSA-65,500,0.0,100,masked_input,1805.197638
clients,pq,1,PQ (ML-KEM-768 + ML-DSA-65),ML-KEM-768,ML-DSA-65,500,0.0,100,unmasking,0.00166
clients,pq,1,PQ (ML-KEM-768 + ML-DSA-65),ML-KEM-768,ML-DSA-65,500,0.0,100,total,9795.424417
