dataset,kem_backend,sig_backend,backend_label,round,loss,accuracy,f1_score,fl_time_sec,train_time_sec,learning_rate,batch_size,time_adv_keys,time_share_keys,time_verify_sigs,time_masked,time_unmask,time_secagg_total
mnist,DH,classic,Classic (DH+ECDSA),1,0.16507,0.9511,,197.123,192.115,0.01,32,0.208529,1e-06,0.00802,1.845584,0.414034,2.476169
mnist,DH,classic,Classic (DH+ECDSA),2,0.109897,0.9668,,395.316,193.229,0.01,32,0.208529,1e-06,0.00802,1.845584,0.414034,2.476169
mnist,DH,classic,Classic (DH+ECDSA),3,0.08613,0.972,,599.023,198.659,0.01,32,0.208529,1e-06,0.00802,1.845584,0.414034,2.476169
mnist,DH,classic,Classic (DH+ECDSA),4,0.073027,0.9768,,804.328,200.428,0.01,32,0.208529,1e-06,0.00802,1.845584,0.414034,2.476169
mnist,DH,classic,Classic (DH+ECDSA),5,0.063792,0.9794,,1009.522,200.243,0.01,32,0.208529,1e-06,0.00802,1.845584,0.414034,2.476169
mnist,DH,classic,Classic (DH+ECDSA),6,0.05751,0.9809,,1221.945,207.594,0.01,32,0.208529,1e-06,0.00802,1.845584,0.414034,2.476169
mnist,DH,classic,Classic (DH+ECDSA),7,0.05295,0.9826,,1448.746,221.078,0.01,32,0.208529,1e-06,0.00802,1.845584,0.414034,2.476169
mnist,DH,classic,Classic (DH+ECDSA),8,0.049621,0.9841,,1673.944,220.261,0.01,32,0.208529,1e-06,0.00802,1.845584,0.414034,2.476169
mnist,DH,classic,Classic (DH+ECDSA),9,0.047027,0.9846,,1889.042,210.383,0.01,32,0.208529,1e-06,0.00802,1.845584,0.414034,2.476169
mnist,DH,classic,Classic (DH+ECDSA),10,0.044659,0.9851,,2110.79,215.413,0.01,32,0.208529,1e-06,0.00802,1.845584,0.414034,2.476169
mnist,DH,classic,Classic (DH+ECDSA),11,0.043188,0.9848,,2339.177,224.03,0.01,32,0.208529,1e-06,0.00802,1.845584,0.414034,2.476169
mnist,DH,classic,Classic (DH+ECDSA),12,0.042092,0.9853,,6758.22,4414.617,0.01,32,0.208529,1e-06,0.00802,1.845584,0.414034,2.476169
mnist,DH,classic,Classic (DH+ECDSA),13,0.040562,0.9857,,7322.202,559.608,0.01,32,0.208529,1e-06,0.00802,1.845584,0.414034,2.476169
mnist,DH,classic,Classic (DH+ECDSA),14,0.039483,0.9865,,7541.101,214.517,0.01,32,0.208529,1e-06,0.00802,1.845584,0.414034,2.476169
mnist,DH,classic,Classic (DH+ECDSA),15,0.038572,0.9867,,7759.009,213.701,0.01,32,0.208529,1e-06,0.00802,1.845584,0.414034,2.476169
mnist,DH,classic,Classic (DH+ECDSA),16,0.03796,0.987,,7983.504,220.147,0.01,32,0.208529,1e-06,0.00802,1.845584,0.414034,2.476169
mnist,DH,classic,Classic (DH+ECDSA),17,0.036973,0.987,,8372.58,247.668,0.01,32,0.208529,1e-06,0.00802,1.845584,0.414034,2.476169
mnist,DH,classic,Classic (DH+ECDSA),18,0.035768,0.988,,8596.329,219.357,0.01,32,0.208529,1e-06,0.00802,1.845584,0.414034,2.476169
mnist,DH,classic,Classic (DH+ECDSA),19,0.035641,0.9878,,11919.606,3318.782,0.01,32,0.208529,1e-06,0.00802,1.845584,0.414034,2.476169
mnist,DH,classic,Classic (DH+ECDSA),20,0.03514,0.9883,,13970.59,2046.638,0.01,32,0.208529,1e-06,0.00802,1.845584,0.414034,2.476169
mnist,DH,classic,Classic (DH+ECDSA),21,0.035114,0.9881,,14166.816,191.908,0.01,32,0.208529,1e-06,0.00802,1.845584,0.414034,2.476169
mnist,DH,classic,Classic (DH+ECDSA),22,0.034522,0.9886,,14476.186,304.799,0.01,32,0.208529,1e-06,0.00802,1.845584,0.414034,2.476169
mnist,DH,classic,Classic (DH+ECDSA),23,0.034359,0.9885,,15703.099,1222.526,0.01,32,0.208529,1e-06,0.00802,1.845584,0.414034,2.476169
mnist,DH,classic,Classic (DH+ECDSA),24,0.033645,0.9891,,15918.786,211.048,0.01,32,0.208529,1e-06,0.00802,1.845584,0.414034,2.476169
mnist,DH,classic,Classic (DH+ECDSA),25,0.033035,0.9891,,16136.509,213.251,0.01,32,0.208529,1e-06,0.00802,1.845584,0.414034,2.476169
mnist,DH,classic,Classic (DH+ECDSA),26,0.032712,0.9896,,16733.333,591.108,0.01,32,0.208529,1e-06,0.00802,1.845584,0.414034,2.476169
mnist,DH,classic,Classic (DH+ECDSA),27,0.032446,0.9893,,21099.404,4361.648,0.01,32,0.208529,1e-06,0.00802,1.845584,0.414034,2.476169
mnist,DH,classic,Classic (DH+ECDSA),28,0.032566,0.9892,,23489.791,2384.968,0.01,32,0.208529,1e-06,0.00802,1.845584,0.414034,2.476169
mnist,DH,classic,Classic (DH+ECDSA),29,0.031926,0.9892,,23757.14,261.845,0.01,32,0.208529,1e-06,0.00802,1.845584,0.414034,2.476169
mnist,DH,classic,Classic (DH+ECDSA),30,0.031772,0.9895,,24059.254,296.689,0.01,32,0.208529,1e-06,0.00802,1.845584,0.414034,2.476169
mnist,DH,classic,Classic (DH+ECDSA),31,0.031594,0.9894,,24328.647,265.021,0.01,32,0.208529,1e-06,0.00802,1.845584,0.414034,2.476169
mnist,DH,classic,Classic (DH+ECDSA),32,0.030863,0.9894,,24588.574,245.221,0.01,32,0.208529,1e-06,0.00802,1.845584,0.414034,2.476169
mnist,DH,classic,Classic (DH+ECDSA),33,0.030669,0.9898,,24840.57,247.648,0.01,32,0.208529,1e-06,0.00802,1.845584,0.414034,2.476169
mnist,DH,classic,Classic (DH+ECDSA),34,0.030602,0.9896,,26151.121,1305.493,0.01,32,0.208529,1e-06,0.00802,1.845584,0.414034,2.476169
mnist,DH,classic,Classic (DH+ECDSA),35,0.030432,0.9898,,26467.662,310.217,0.01,32,0.208529,1e-06,0.00802,1.845584,0.414034,2.476169
mnist,DH,classic,Classic (DH+ECDSA),36,0.030384,0.9897,,27079.861,596.552,0.01,32,0.208529,1e-06,0.00802,1.845584,0.414034,2.476169
mnist,DH,classic,Classic (DH+ECDSA),37,0.030283,0.9899,,28794.37,1709.548,0.01,32,0.208529,1e-06,0.00802,1.845584,0.414034,2.476169
mnist,DH,classic,Classic (DH+ECDSA),38,0.030084,0.9898,,29116.057,315.542,0.01,32,0.208529,1e-06,0.00802,1.845584,0.414034,2.476169
mnist,DH,classic,Classic (DH+ECDSA),39,0.029731,0.9897,,29638.49,517.068,0.01,32,0.208529,1e-06,0.00802,1.845584,0.414034,2.476169
mnist,DH,classic,Classic (DH+ECDSA),40,0.029698,0.9901,,30697.203,1055.096,0.01,32,0.208529,1e-06,0.00802,1.845584,0.414034,2.476169
mnist,DH,classic,Classic (DH+ECDSA),41,0.029502,0.9899,,30855.028,154.238,0.01,32,0.208529,1e-06,0.00802,1.845584,0.414034,2.476169
mnist,DH,classic,Classic (DH+ECDSA),42,0.029595,0.9899,,31050.755,190.924,0.01,32,0.208529,1e-06,0.00802,1.845584,0.414034,2.476169
mnist,DH,classic,Classic (DH+ECDSA),43,0.029251,0.99,,31257.102,201.357,0.01,32,0.208529,1e-06,0.00802,1.845584,0.414034,2.476169
mnist,DH,classic,Classic (DH+ECDSA),44,0.029802,0.9901,,31455.585,193.418,0.01,32,0.208529,1e-06,0.00802,1.845584,0.414034,2.476169
mnist,DH,classic,Classic (DH+ECDSA),45,0.029149,0.9902,,31664.152,203.497,0.01,32,0.208529,1e-06,0.00802,1.845584,0.414034,2.476169
mnist,DH,classic,Classic (DH+ECDSA),46,0.029191,0.9901,,31875.793,206.385,0.01,32,0.208529,1e-06,0.00802,1.845584,0.414034,2.476169
mnist,DH,classic,Classic (DH+ECDSA),47,0.028906,0.99,,32081.773,200.739,0.01,32,0.208529,1e-06,0.00802,1.845584,0.414034,2.476169
mnist,DH,classic,Classic (DH+ECDSA),48,0.029097,0.9902,,32310.562,223.253,0.01,32,0.208529,1e-06,0.00802,1.845584,0.414034,2.476169
mnist,DH,classic,Classic (DH+ECDSA),49,0.029004,0.9902,,32523.08,207.243,0.01,32,0.208529,1e-06,0.00802,1.845584,0.414034,2.476169
mnist,DH,classic,Classic (DH+ECDSA),50,0.028752,0.9902,,32729.672,201.52,0.01,32,0.208529,1e-06,0.00802,1.845584,0.414034,2.476169
mnist,ML-KEM-768,ML-DSA-65,Full PQ (ML-KEM+ML-DSA),1,0.164212,0.9518,,148.189,143.122,0.01,32,1.072207,0.254112,0.989362,0.255056,0.008509,2.579246
mnist,ML-KEM-768,ML-DSA-65,Full PQ (ML-KEM+ML-DSA),2,0.109936,0.9662,,289.536,136.306,0.01,32,1.072207,0.254112,0.989362,0.255056,0.008509,2.579246
mnist,ML-KEM-768,ML-DSA-65,Full PQ (ML-KEM+ML-DSA),3,0.085557,0.9719,,442.01,147.436,0.01,32,1.072207,0.254112,0.989362,0.255056,0.008509,2.579246
mnist,ML-KEM-768,ML-DSA-65,Full PQ (ML-KEM+ML-DSA),4,0.072533,0.9763,,585.968,138.989,0.01,32,1.072207,0.254112,0.989362,0.255056,0.008509,2.579246
mnist,ML-KEM-768,ML-DSA-65,Full PQ (ML-KEM+ML-DSA),5,0.064005,0.9792,,735.653,144.407,0.01,32,1.072207,0.254112,0.989362,0.255056,0.008509,2.579246
mnist,ML-KEM-768,ML-DSA-65,Full PQ (ML-KEM+ML-DSA),6,0.057439,0.9812,,892.364,151.698,0.01,32,1.072207,0.254112,0.989362,0.255056,0.008509,2.579246
mnist,ML-KEM-768,ML-DSA-65,Full PQ (ML-KEM+ML-DSA),7,0.052917,0.9821,,1037.073,139.66,0.01,32,1.072207,0.254112,0.989362,0.255056,0.008509,2.579246
mnist,ML-KEM-768,ML-DSA-65,Full PQ (ML-KEM+ML-DSA),8,0.049719,0.9835,,1177.704,135.576,0.01,32,1.072207,0.254112,0.989362,0.255056,0.008509,2.579246
mnist,ML-KEM-768,ML-DSA-65,Full PQ (ML-KEM+ML-DSA),9,0.04711,0.984,,1331.08,148.351,0.01,32,1.072207,0.254112,0.989362,0.255056,0.008509,2.579246
mnist,ML-KEM-768,ML-DSA-65,Full PQ (ML-KEM+ML-DSA),10,0.044972,0.9843,,1480.987,144.909,0.01,32,1.072207,0.254112,0.989362,0.255056,0.008509,2.579246
mnist,ML-KEM-768,ML-DSA-65,Full PQ (ML-KEM+ML-DSA),11,0.04355,0.985,,1627.713,141.584,0.01,32,1.072207,0.254112,0.989362,0.255056,0.008509,2.579246
mnist,ML-KEM-768,ML-DSA-65,Full PQ (ML-KEM+ML-DSA),12,0.041736,0.9858,,1764.729,132.014,0.01,32,1.072207,0.254112,0.989362,0.255056,0.008509,2.579246
mnist,ML-KEM-768,ML-DSA-65,Full PQ (ML-KEM+ML-DSA),13,0.040031,0.9865,,1923.644,153.676,0.01,32,1.072207,0.254112,0.989362,0.255056,0.008509,2.579246
mnist,ML-KEM-768,ML-DSA-65,Full PQ (ML-KEM+ML-DSA),14,0.03942,0.9867,,2078.913,150.121,0.01,32,1.072207,0.254112,0.989362,0.255056,0.008509,2.579246
mnist,ML-KEM-768,ML-DSA-65,Full PQ (ML-KEM+ML-DSA),15,0.039043,0.9864,,2245.127,160.801,0.01,32,1.072207,0.254112,0.989362,0.255056,0.008509,2.579246
mnist,ML-KEM-768,ML-DSA-65,Full PQ (ML-KEM+ML-DSA),16,0.037614,0.9874,,2401.137,150.257,0.01,32,1.072207,0.254112,0.989362,0.255056,0.008509,2.579246
mnist,ML-KEM-768,ML-DSA-65,Full PQ (ML-KEM+ML-DSA),17,0.036731,0.9875,,2558.601,152.061,0.01,32,1.072207,0.254112,0.989362,0.255056,0.008509,2.579246
mnist,ML-KEM-768,ML-DSA-65,Full PQ (ML-KEM+ML-DSA),18,0.036573,0.9878,,2719.489,155.585,0.01,32,1.072207,0.254112,0.989362,0.255056,0.008509,2.579246
mnist,ML-KEM-768,ML-DSA-65,Full PQ (ML-KEM+ML-DSA),19,0.035756,0.9879,,2875.308,150.44,0.01,32,1.072207,0.254112,0.989362,0.255056,0.008509,2.579246
mnist,ML-KEM-768,ML-DSA-65,Full PQ (ML-KEM+ML-DSA),20,0.035257,0.988,,3036.668,155.986,0.01,32,1.072207,0.254112,0.989362,0.255056,0.008509,2.579246
mnist,ML-KEM-768,ML-DSA-65,Full PQ (ML-KEM+ML-DSA),21,0.035002,0.9884,,14940.023,11898.079,0.01,32,1.072207,0.254112,0.989362,0.255056,0.008509,2.579246
mnist,ML-KEM-768,ML-DSA-65,Full PQ (ML-KEM+ML-DSA),22,0.034522,0.9884,,15047.065,103.248,0.01,32,1.072207,0.254112,0.989362,0.255056,0.008509,2.579246
mnist,ML-KEM-768,ML-DSA-65,Full PQ (ML-KEM+ML-DSA),23,0.033658,0.9891,,15159.705,108.502,0.01,32,1.072207,0.254112,0.989362,0.255056,0.008509,2.579246
mnist,ML-KEM-768,ML-DSA-65,Full PQ (ML-KEM+ML-DSA),24,0.033475,0.9887,,15277.719,113.696,0.01,32,1.072207,0.254112,0.989362,0.255056,0.008509,2.579246
mnist,ML-KEM-768,ML-DSA-65,Full PQ (ML-KEM+ML-DSA),25,0.033298,0.9894,,15400.516,118.411,0.01,32,1.072207,0.254112,0.989362,0.255056,0.008509,2.579246
mnist,ML-KEM-768,ML-DSA-65,Full PQ (ML-KEM+ML-DSA),26,0.033068,0.9892,,15542.908,137.755,0.01,32,1.072207,0.254112,0.989362,0.255056,0.008509,2.579246
mnist,ML-KEM-768,ML-DSA-65,Full PQ (ML-KEM+ML-DSA),27,0.032455,0.9894,,15677.088,129.567,0.01,32,1.072207,0.254112,0.989362,0.255056,0.008509,2.579246
mnist,ML-KEM-768,ML-DSA-65,Full PQ (ML-KEM+ML-DSA),28,0.032456,0.9894,,15809.511,127.797,0.01,32,1.072207,0.254112,0.989362,0.255056,0.008509,2.579246
mnist,ML-KEM-768,ML-DSA-65,Full PQ (ML-KEM+ML-DSA),29,0.032499,0.9892,,15945.038,130.866,0.01,32,1.072207,0.254112,0.989362,0.255056,0.008509,2.579246
mnist,ML-KEM-768,ML-DSA-65,Full PQ (ML-KEM+ML-DSA),30,0.031598,0.9894,,16072.342,122.807,0.01,32,1.072207,0.254112,0.989362,0.255056,0.008509,2.579246
mnist,ML-KEM-768,ML-DSA-65,Full PQ (ML-KEM+ML-DSA),31,0.031449,0.9893,,16207.626,130.649,0.01,32,1.072207,0.254112,0.989362,0.255056,0.008509,2.579246
mnist,ML-KEM-768,ML-DSA-65,Full PQ (ML-KEM+ML-DSA),32,0.031439,0.9894,,16344.126,131.863,0.01,32,1.072207,0.254112,0.989362,0.255056,0.008509,2.579246
mnist,ML-KEM-768,ML-DSA-65,Full PQ (ML-KEM+ML-DSA),33,0.031201,0.9895,,16480.403,131.591,0.01,32,1.072207,0.254112,0.989362,0.255056,0.008509,2.579246
mnist,ML-KEM-768,ML-DSA-65,Full PQ (ML-KEM+ML-DSA),34,0.030865,0.9895,,16616.548,131.513,0.01,32,1.072207,0.254112,0.989362,0.255056,0.008509,2.579246
mnist,ML-KEM-768,ML-DSA-65,Full PQ (ML-KEM+ML-DSA),35,0.03054,0.9896,,16758.675,137.43,0.01,32,1.072207,0.254112,0.989362,0.255056,0.008509,2.579246
mnist,ML-KEM-768,ML-DSA-65,Full PQ (ML-KEM+ML-DSA),36,0.030497,0.9898,,16887.004,123.688,0.01,32,1.072207,0.254112,0.989362,0.255056,0.008509,2.579246
mnist,ML-KEM-768,ML-DSA-65,Full PQ (ML-KEM+ML-DSA),37,0.030346,0.9898,,17027.71,135.791,0.01,32,1.072207,0.254112,0.989362,0.255056,0.008509,2.579246
mnist,ML-KEM-768,ML-DSA-65,Full PQ (ML-KEM+ML-DSA),38,0.030437,0.9899,,17157.829,125.352,0.01,32,1.072207,0.254112,0.989362,0.255056,0.008509,2.579246
mnist,ML-KEM-768,ML-DSA-65,Full PQ (ML-KEM+ML-DSA),39,0.030017,0.9897,,17295.93,133.159,0.01,32,1.072207,0.254112,0.989362,0.255056,0.008509,2.579246
mnist,ML-KEM-768,ML-DSA-65,Full PQ (ML-KEM+ML-DSA),40,0.029756,0.9901,,17447.793,146.928,0.01,32,1.072207,0.254112,0.989362,0.255056,0.008509,2.579246
mnist,ML-KEM-768,ML-DSA-65,Full PQ (ML-KEM+ML-DSA),41,0.029532,0.9901,,17592.268,139.549,0.01,32,1.072207,0.254112,0.989362,0.255056,0.008509,2.579246
mnist,ML-KEM-768,ML-DSA-65,Full PQ (ML-KEM+ML-DSA),42,0.029823,0.9899,,17739.63,142.538,0.01,32,1.072207,0.254112,0.989362,0.255056,0.008509,2.579246
mnist,ML-KEM-768,ML-DSA-65,Full PQ (ML-KEM+ML-DSA),43,0.029349,0.9899,,17876.276,131.809,0.01,32,1.072207,0.254112,0.989362,0.255056,0.008509,2.579246
mnist,ML-KEM-768,ML-DSA-65,Full PQ (ML-KEM+ML-DSA),44,0.029432,0.9899,,18020.818,139.665,0.01,32,1.072207,0.254112,0.989362,0.255056,0.008509,2.579246
mnist,ML-KEM-768,ML-DSA-65,Full PQ (ML-KEM+ML-DSA),45,0.029681,0.9899,,18160.352,134.639,0.01,32,1.072207,0.254112,0.989362,0.255056,0.008509,2.579246
mnist,ML-KEM-768,ML-DSA-65,Full PQ (ML-KEM+ML-DSA),46,0.029319,0.9902,,18300.762,135.498,0.01,32,1.072207,0.254112,0.989362,0.255056,0.008509,2.579246
mnist,ML-KEM-768,ML-DSA-65,Full PQ (ML-KEM+ML-DSA),47,0.029271,0.99,,18442.947,137.351,0.01,32,1.072207,0.254112,0.989362,0.255056,0.008509,2.579246
mnist,ML-KEM-768,ML-DSA-65,Full PQ (ML-KEM+ML-DSA),48,0.029473,0.9902,,18592.126,144.302,0.01,32,1.072207,0.254112,0.989362,0.255056,0.008509,2.579246
mnist,ML-KEM-768,ML-DSA-65,Full PQ (ML-KEM+ML-DSA),49,0.029238,0.9901,,18734.645,137.638,0.01,32,1.072207,0.254112,0.989362,0.255056,0.008509,2.579246
mnist,ML-KEM-768,ML-DSA-65,Full PQ (ML-KEM+ML-DSA),50,0.029286,0.9901,,18871.705,132.205,0.01,32,1.072207,0.254112,0.989362,0.255056,0.008509,2.579246
mnist,ML-KEM-768,SLH-DSA-shake_128f,Full PQ (ML-KEM+SPHINCS+),1,0.164145,0.9511,,147.233,142.339,0.01,32,2.771033,0.249855,1.005029,0.272264,0.009496,4.307677
mnist,ML-KEM-768,SLH-DSA-shake_128f,Full PQ (ML-KEM+SPHINCS+),2,0.10949,0.9661,,294.997,142.842,0.01,32,2.771033,0.249855,1.005029,0.272264,0.009496,4.307677
mnist,ML-KEM-768,SLH-DSA-shake_128f,Full PQ (ML-KEM+SPHINCS+),3,0.085475,0.9731,,433.831,133.951,0.01,32,2.771033,0.249855,1.005029,0.272264,0.009496,4.307677
mnist,ML-KEM-768,SLH-DSA-shake_128f,Full PQ (ML-KEM+SPHINCS+),4,0.072924,0.9761,,581.001,142.233,0.01,32,2.771033,0.249855,1.005029,0.272264,0.009496,4.307677
mnist,ML-KEM-768,SLH-DSA-shake_128f,Full PQ (ML-KEM+SPHINCS+),5,0.063634,0.9792,,731.459,145.554,0.01,32,2.771033,0.249855,1.005029,0.272264,0.009496,4.307677
mnist,ML-KEM-768,SLH-DSA-shake_128f,Full PQ (ML-KEM+SPHINCS+),6,0.058042,0.9807,,872.962,136.534,0.01,32,2.771033,0.249855,1.005029,0.272264,0.009496,4.307677
mnist,ML-KEM-768,SLH-DSA-shake_128f,Full PQ (ML-KEM+SPHINCS+),7,0.053194,0.9814,,1035.292,156.096,0.01,32,2.771033,0.249855,1.005029,0.272264,0.009496,4.307677
mnist,ML-KEM-768,SLH-DSA-shake_128f,Full PQ (ML-KEM+SPHINCS+),8,0.049562,0.9826,,1187.887,147.655,0.01,32,2.771033,0.249855,1.005029,0.272264,0.009496,4.307677
mnist,ML-KEM-768,SLH-DSA-shake_128f,Full PQ (ML-KEM+SPHINCS+),9,0.047163,0.9844,,1331.296,138.509,0.01,32,2.771033,0.249855,1.005029,0.272264,0.009496,4.307677
mnist,ML-KEM-768,SLH-DSA-shake_128f,Full PQ (ML-KEM+SPHINCS+),10,0.04487,0.9846,,1474.971,138.704,0.01,32,2.771033,0.249855,1.005029,0.272264,0.009496,4.307677
mnist,ML-KEM-768,SLH-DSA-shake_128f,Full PQ (ML-KEM+SPHINCS+),11,0.043591,0.9849,,1617.666,137.862,0.01,32,2.771033,0.249855,1.005029,0.272264,0.009496,4.307677
mnist,ML-KEM-768,SLH-DSA-shake_128f,Full PQ (ML-KEM+SPHINCS+),12,0.041535,0.9854,,1786.81,162.237,0.01,32,2.771033,0.249855,1.005029,0.272264,0.009496,4.307677
mnist,ML-KEM-768,SLH-DSA-shake_128f,Full PQ (ML-KEM+SPHINCS+),13,0.04062,0.9858,,1914.646,123.76,0.01,32,2.771033,0.249855,1.005029,0.272264,0.009496,4.307677
mnist,ML-KEM-768,SLH-DSA-shake_128f,Full PQ (ML-KEM+SPHINCS+),14,0.039461,0.9862,,2036.783,118.032,0.01,32,2.771033,0.249855,1.005029,0.272264,0.009496,4.307677
mnist,ML-KEM-768,SLH-DSA-shake_128f,Full PQ (ML-KEM+SPHINCS+),15,0.038399,0.9867,,2156.501,115.117,0.01,32,2.771033,0.249855,1.005029,0.272264,0.009496,4.307677
mnist,ML-KEM-768,SLH-DSA-shake_128f,Full PQ (ML-KEM+SPHINCS+),16,0.037492,0.9871,,2288.49,127.515,0.01,32,2.771033,0.249855,1.005029,0.272264,0.009496,4.307677
mnist,ML-KEM-768,SLH-DSA-shake_128f,Full PQ (ML-KEM+SPHINCS+),17,0.036924,0.9874,,2411.625,118.57,0.01,32,2.771033,0.249855,1.005029,0.272264,0.009496,4.307677
mnist,ML-KEM-768,SLH-DSA-shake_128f,Full PQ (ML-KEM+SPHINCS+),18,0.036453,0.9881,,2543.343,127.137,0.01,32,2.771033,0.249855,1.005029,0.272264,0.009496,4.307677
mnist,ML-KEM-768,SLH-DSA-shake_128f,Full PQ (ML-KEM+SPHINCS+),19,0.036051,0.988,,2681.71,133.627,0.01,32,2.771033,0.249855,1.005029,0.272264,0.009496,4.307677
mnist,ML-KEM-768,SLH-DSA-shake_128f,Full PQ (ML-KEM+SPHINCS+),20,0.035188,0.9882,,2824.392,137.865,0.01,32,2.771033,0.249855,1.005029,0.272264,0.009496,4.307677
mnist,ML-KEM-768,SLH-DSA-shake_128f,Full PQ (ML-KEM+SPHINCS+),21,0.034522,0.9888,,2959.066,129.743,0.01,32,2.771033,0.249855,1.005029,0.272264,0.009496,4.307677
mnist,ML-KEM-768,SLH-DSA-shake_128f,Full PQ (ML-KEM+SPHINCS+),22,0.034485,0.989,,3106.444,142.57,0.01,32,2.771033,0.249855,1.005029,0.272264,0.009496,4.307677
mnist,ML-KEM-768,SLH-DSA-shake_128f,Full PQ (ML-KEM+SPHINCS+),23,0.033799,0.9892,,3242.759,130.9,0.01,32,2.771033,0.249855,1.005029,0.272264,0.009496,4.307677
mnist,ML-KEM-768,SLH-DSA-shake_128f,Full PQ (ML-KEM+SPHINCS+),24,0.033514,0.9889,,3394.098,146.333,0.01,32,2.771033,0.249855,1.005029,0.272264,0.009496,4.307677
mnist,ML-KEM-768,SLH-DSA-shake_128f,Full PQ (ML-KEM+SPHINCS+),25,0.03286,0.9899,,3547.695,148.29,0.01,32,2.771033,0.249855,1.005029,0.272264,0.009496,4.307677
mnist,ML-KEM-768,SLH-DSA-shake_128f,Full PQ (ML-KEM+SPHINCS+),26,0.032903,0.9893,,3695.691,142.906,0.01,32,2.771033,0.249855,1.005029,0.272264,0.009496,4.307677
mnist,ML-KEM-768,SLH-DSA-shake_128f,Full PQ (ML-KEM+SPHINCS+),27,0.032564,0.9893,,3846.166,145.314,0.01,32,2.771033,0.249855,1.005029,0.272264,0.009496,4.307677
mnist,ML-KEM-768,SLH-DSA-shake_128f,Full PQ (ML-KEM+SPHINCS+),28,0.032237,0.9893,,3992.333,141.176,0.01,32,2.771033,0.249855,1.005029,0.272264,0.009496,4.307677
mnist,ML-KEM-768,SLH-DSA-shake_128f,Full PQ (ML-KEM+SPHINCS+),29,0.032359,0.9893,,4148.984,151.246,0.01,32,2.771033,0.249855,1.005029,0.272264,0.009496,4.307677
mnist,ML-KEM-768,SLH-DSA-shake_128f,Full PQ (ML-KEM+SPHINCS+),30,0.032168,0.9892,,4294.884,140.634,0.01,32,2.771033,0.249855,1.005029,0.272264,0.009496,4.307677
mnist,ML-KEM-768,SLH-DSA-shake_128f,Full PQ (ML-KEM+SPHINCS+),31,0.031559,0.9894,,4448.491,148.236,0.01,32,2.771033,0.249855,1.005029,0.272264,0.009496,4.307677
mnist,ML-KEM-768,SLH-DSA-shake_128f,Full PQ (ML-KEM+SPHINCS+),32,0.031933,0.9892,,4607.776,154.039,0.01,32,2.771033,0.249855,1.005029,0.272264,0.009496,4.307677
mnist,ML-KEM-768,SLH-DSA-shake_128f,Full PQ (ML-KEM+SPHINCS+),33,0.030991,0.9895,,4755.426,142.464,0.01,32,2.771033,0.249855,1.005029,0.272264,0.009496,4.307677
mnist,ML-KEM-768,SLH-DSA-shake_128f,Full PQ (ML-KEM+SPHINCS+),34,0.031099,0.9897,,4908.536,147.694,0.01,32,2.771033,0.249855,1.005029,0.272264,0.009496,4.307677
mnist,ML-KEM-768,SLH-DSA-shake_128f,Full PQ (ML-KEM+SPHINCS+),35,0.031081,0.9895,,5071.705,157.876,0.01,32,2.771033,0.249855,1.005029,0.272264,0.009496,4.307677
mnist,ML-KEM-768,SLH-DSA-shake_128f,Full PQ (ML-KEM+SPHINCS+),36,0.030719,0.9897,,5214.69,137.734,0.01,32,2.771033,0.249855,1.005029,0.272264,0.009496,4.307677
mnist,ML-KEM-768,SLH-DSA-shake_128f,Full PQ (ML-KEM+SPHINCS+),37,0.030199,0.9899,,5358.468,138.466,0.01,32,2.771033,0.249855,1.005029,0.272264,0.009496,4.307677
mnist,ML-KEM-768,SLH-DSA-shake_128f,Full PQ (ML-KEM+SPHINCS+),38,0.03031,0.9897,,5513.797,150.073,0.01,32,2.771033,0.249855,1.005029,0.272264,0.009496,4.307677
mnist,ML-KEM-768,SLH-DSA-shake_128f,Full PQ (ML-KEM+SPHINCS+),39,0.030381,0.99,,5686.907,167.877,0.01,32,2.771033,0.249855,1.005029,0.272264,0.009496,4.307677
mnist,ML-KEM-768,SLH-DSA-shake_128f,Full PQ (ML-KEM+SPHINCS+),40,0.02989,0.99,,5841.641,149.422,0.01,32,2.771033,0.249855,1.005029,0.272264,0.009496,4.307677
mnist,ML-KEM-768,SLH-DSA-shake_128f,Full PQ (ML-KEM+SPHINCS+),41,0.030184,0.9899,,5993.33,146.422,0.01,32,2.771033,0.249855,1.005029,0.272264,0.009496,4.307677
mnist,ML-KEM-768,SLH-DSA-shake_128f,Full PQ (ML-KEM+SPHINCS+),42,0.029842,0.9899,,6152.98,154.439,0.01,32,2.771033,0.249855,1.005029,0.272264,0.009496,4.307677
mnist,ML-KEM-768,SLH-DSA-shake_128f,Full PQ (ML-KEM+SPHINCS+),43,0.029548,0.9898,,6303.263,145.062,0.01,32,2.771033,0.249855,1.005029,0.272264,0.009496,4.307677
mnist,ML-KEM-768,SLH-DSA-shake_128f,Full PQ (ML-KEM+SPHINCS+),44,0.02932,0.9901,,6446.556,138.156,0.01,32,2.771033,0.249855,1.005029,0.272264,0.009496,4.307677
mnist,ML-KEM-768,SLH-DSA-shake_128f,Full PQ (ML-KEM+SPHINCS+),45,0.029304,0.9899,,6604.785,152.926,0.01,32,2.771033,0.249855,1.005029,0.272264,0.009496,4.307677
mnist,ML-KEM-768,SLH-DSA-shake_128f,Full PQ (ML-KEM+SPHINCS+),46,0.029221,0.9898,,6765.684,155.659,0.01,32,2.771033,0.249855,1.005029,0.272264,0.009496,4.307677
mnist,ML-KEM-768,SLH-DSA-shake_128f,Full PQ (ML-KEM+SPHINCS+),47,0.029313,0.9901,,6928.111,157.191,0.01,32,2.771033,0.249855,1.005029,0.272264,0.009496,4.307677
mnist,ML-KEM-768,SLH-DSA-shake_128f,Full PQ (ML-KEM+SPHINCS+),48,0.029089,0.9901,,7082.226,148.897,0.01,32,2.771033,0.249855,1.005029,0.272264,0.009496,4.307677
mnist,ML-KEM-768,SLH-DSA-shake_128f,Full PQ (ML-KEM+SPHINCS+),49,0.029085,0.99,,7254.53,167.085,0.01,32,2.771033,0.249855,1.005029,0.272264,0.009496,4.307677
mnist,ML-KEM-768,SLH-DSA-shake_128f,Full PQ (ML-KEM+SPHINCS+),50,0.028967,0.9902,,7400.923,141.071,0.01,32,2.771033,0.249855,1.005029,0.272264,0.009496,4.307677
