dataset,n_clients,local_epochs,dropout_rate,backend,round,loss,accuracy
mnist,5,1,0.0,original,1,0.182437,0.9464
mnist,5,1,0.0,original,2,0.114522,0.9655
mnist,5,1,0.0,original,3,0.086136,0.9745
mnist,5,1,0.0,original,4,0.070395,0.9786
mnist,5,1,0.0,original,5,0.062752,0.979
mnist,5,1,0.0,original,6,0.055274,0.9822
mnist,5,1,0.0,original,7,0.050464,0.9842
mnist,5,1,0.0,original,8,0.048635,0.9835
mnist,5,1,0.0,original,9,0.043136,0.9864
mnist,5,1,0.0,original,10,0.042473,0.987
mnist,5,1,0.0,original,11,0.040746,0.9868
mnist,5,1,0.0,original,12,0.039774,0.9876
mnist,5,1,0.0,original,13,0.038603,0.9875
mnist,5,1,0.0,original,14,0.037678,0.9878
mnist,5,1,0.0,original,15,0.036013,0.9876
mnist,5,1,0.0,original,16,0.035054,0.9881
mnist,5,1,0.0,original,17,0.034429,0.9883
mnist,5,1,0.0,original,18,0.033537,0.9891
mnist,5,1,0.0,original,19,0.03297,0.9883
mnist,5,1,0.0,original,20,0.033424,0.9886
mnist,5,1,0.0,pq,1,0.182437,0.9464
mnist,5,1,0.0,pq,2,0.114522,0.9655
mnist,5,1,0.0,pq,3,0.086136,0.9745
mnist,5,1,0.0,pq,4,0.070395,0.9786
mnist,5,1,0.0,pq,5,0.062752,0.979
mnist,5,1,0.0,pq,6,0.055274,0.9822
mnist,5,1,0.0,pq,7,0.050464,0.9842
mnist,5,1,0.0,pq,8,0.048635,0.9835
mnist,5,1,0.0,pq,9,0.043136,0.9864
mnist,5,1,0.0,pq,10,0.042473,0.987
mnist,5,1,0.0,pq,11,0.040746,0.9868
mnist,5,1,0.0,pq,12,0.039774,0.9876
mnist,5,1,0.0,pq,13,0.038603,0.9875
mnist,5,1,0.0,pq,14,0.037678,0.9878
mnist,5,1,0.0,pq,15,0.036013,0.9876
mnist,5,1,0.0,pq,16,0.035054,0.9881
mnist,5,1,0.0,pq,17,0.034429,0.9883
mnist,5,1,0.0,pq,18,0.033537,0.9891
mnist,5,1,0.0,pq,19,0.03297,0.9883
mnist,5,1,0.0,pq,20,0.033424,0.9886
mnist,5,1,0.05,original,1,0.182437,0.9464
mnist,5,1,0.05,original,2,0.114522,0.9655
mnist,5,1,0.05,original,3,0.089264,0.9738
mnist,5,1,0.05,original,4,0.073502,0.9777
mnist,5,1,0.05,original,5,0.061218,0.9816
mnist,5,1,0.05,original,6,0.058784,0.9805
mnist,5,1,0.05,original,7,0.05046,0.9827
mnist,5,1,0.05,original,8,0.047823,0.9845
mnist,5,1,0.05,original,9,0.046246,0.9848
mnist,5,1,0.05,original,10,0.04242,0.9868
mnist,5,1,0.05,original,11,0.042461,0.9861
mnist,5,1,0.05,original,12,0.039282,0.9873
mnist,5,1,0.05,original,13,0.039074,0.9872
mnist,5,1,0.05,original,14,0.038471,0.9873
mnist,5,1,0.05,original,15,0.035624,0.9887
mnist,5,1,0.05,original,16,0.036093,0.9879
mnist,5,1,0.05,original,17,0.034076,0.9888
mnist,5,1,0.05,original,18,0.032703,0.9892
mnist,5,1,0.05,original,19,0.034084,0.9875
mnist,5,1,0.05,original,20,0.032369,0.989
mnist,5,1,0.05,pq,1,0.182437,0.9464
mnist,5,1,0.05,pq,2,0.114522,0.9655
mnist,5,1,0.05,pq,3,0.089264,0.9738
mnist,5,1,0.05,pq,4,0.073502,0.9777
mnist,5,1,0.05,pq,5,0.061218,0.9816
mnist,5,1,0.05,pq,6,0.058784,0.9805
mnist,5,1,0.05,pq,7,0.05046,0.9827
mnist,5,1,0.05,pq,8,0.047823,0.9845
mnist,5,1,0.05,pq,9,0.046246,0.9848
mnist,5,1,0.05,pq,10,0.04242,0.9868
mnist,5,1,0.05,pq,11,0.042461,0.9861
mnist,5,1,0.05,pq,12,0.039282,0.9873
mnist,5,1,0.05,pq,13,0.039074,0.9872
mnist,5,1,0.05,pq,14,0.038471,0.9873
mnist,5,1,0.05,pq,15,0.035624,0.9887
mnist,5,1,0.05,pq,16,0.036093,0.9879
mnist,5,1,0.05,pq,17,0.034076,0.9888
mnist,5,1,0.05,pq,18,0.032703,0.9892
mnist,5,1,0.05,pq,19,0.034084,0.9875
mnist,5,1,0.05,pq,20,0.032369,0.989
mnist,5,1,0.1,original,1,0.182437,0.9464
mnist,5,1,0.1,original,2,0.118058,0.9665
mnist,5,1,0.1,original,3,0.090749,0.9735
mnist,5,1,0.1,original,4,0.070282,0.9787
mnist,5,1,0.1,original,5,0.061386,0.98
mnist,5,1,0.1,original,6,0.057347,0.9816
mnist,5,1,0.1,original,7,0.050568,0.9831
mnist,5,1,0.1,original,8,0.047371,0.9848
mnist,5,1,0.1,original,9,0.045026,0.9845
mnist,5,1,0.1,original,10,0.043142,0.9868
mnist,5,1,0.1,original,11,0.041144,0.9865
mnist,5,1,0.1,original,12,0.040772,0.9868
mnist,5,1,0.1,original,13,0.037034,0.9879
mnist,5,1,0.1,original,14,0.037025,0.9878
mnist,5,1,0.1,original,15,0.035486,0.9879
mnist,5,1,0.1,original,16,0.036708,0.9878
mnist,5,1,0.1,original,17,0.034852,0.9877
mnist,5,1,0.1,original,18,0.03426,0.9876
mnist,5,1,0.1,original,19,0.034017,0.9881
mnist,5,1,0.1,original,20,0.03333,0.9883
mnist,5,1,0.1,pq,1,0.182437,0.9464
mnist,5,1,0.1,pq,2,0.118058,0.9665
mnist,5,1,0.1,pq,3,0.090749,0.9735
mnist,5,1,0.1,pq,4,0.070282,0.9787
mnist,5,1,0.1,pq,5,0.061386,0.98
mnist,5,1,0.1,pq,6,0.057347,0.9816
mnist,5,1,0.1,pq,7,0.050568,0.9831
mnist,5,1,0.1,pq,8,0.047371,0.9848
mnist,5,1,0.1,pq,9,0.045026,0.9845
mnist,5,1,0.1,pq,10,0.043142,0.9868
mnist,5,1,0.1,pq,11,0.041144,0.9865
mnist,5,1,0.1,pq,12,0.040772,0.9868
mnist,5,1,0.1,pq,13,0.037034,0.9879
mnist,5,1,0.1,pq,14,0.037025,0.9878
mnist,5,1,0.1,pq,15,0.035486,0.9879
mnist,5,1,0.1,pq,16,0.036708,0.9878
mnist,5,1,0.1,pq,17,0.034852,0.9877
mnist,5,1,0.1,pq,18,0.03426,0.9876
mnist,5,1,0.1,pq,19,0.034017,0.9881
mnist,5,1,0.1,pq,20,0.03333,0.9883
mnist,5,1,0.3,original,1,0.182539,0.9463
mnist,5,1,0.3,original,2,0.116449,0.9656
mnist,5,1,0.3,original,3,0.09218,0.9714
mnist,5,1,0.3,original,4,0.071852,0.978
mnist,5,1,0.3,original,5,0.062039,0.9803
mnist,5,1,0.3,original,6,0.055285,0.9821
mnist,5,1,0.3,original,7,0.053889,0.9828
mnist,5,1,0.3,original,8,0.04824,0.9848
mnist,5,1,0.3,original,9,0.053596,0.9821
mnist,5,1,0.3,original,10,0.046088,0.9852
mnist,5,1,0.3,original,11,0.040324,0.9869
mnist,5,1,0.3,original,12,0.04096,0.9859
mnist,5,1,0.3,original,13,0.039171,0.9869
mnist,5,1,0.3,original,14,0.038888,0.9873
mnist,5,1,0.3,original,15,0.037131,0.9874
mnist,5,1,0.3,original,16,0.039391,0.9871
mnist,5,1,0.3,original,17,0.03399,0.9893
mnist,5,1,0.3,original,18,0.034672,0.9889
mnist,5,1,0.3,original,19,0.034681,0.9885
mnist,5,1,0.3,original,20,0.034941,0.9879
mnist,5,1,0.3,pq,1,0.182539,0.9463
mnist,5,1,0.3,pq,2,0.116449,0.9656
mnist,5,1,0.3,pq,3,0.09218,0.9714
mnist,5,1,0.3,pq,4,0.071852,0.978
mnist,5,1,0.3,pq,5,0.062039,0.9803
mnist,5,1,0.3,pq,6,0.055285,0.9821
mnist,5,1,0.3,pq,7,0.053889,0.9828
mnist,5,1,0.3,pq,8,0.04824,0.9848
mnist,5,1,0.3,pq,9,0.053596,0.9821
mnist,5,1,0.3,pq,10,0.046088,0.9852
mnist,5,1,0.3,pq,11,0.040324,0.9869
mnist,5,1,0.3,pq,12,0.04096,0.9859
mnist,5,1,0.3,pq,13,0.039171,0.9869
mnist,5,1,0.3,pq,14,0.038888,0.9873
mnist,5,1,0.3,pq,15,0.037131,0.9874
mnist,5,1,0.3,pq,16,0.039391,0.9871
mnist,5,1,0.3,pq,17,0.03399,0.9893
mnist,5,1,0.3,pq,18,0.034672,0.9889
mnist,5,1,0.3,pq,19,0.034681,0.9885
mnist,5,1,0.3,pq,20,0.034941,0.9879
mnist,5,1,0.5,original,1,0.17995,0.9475
mnist,5,1,0.5,original,2,0.115664,0.9653
mnist,5,1,0.5,original,3,0.090486,0.9727
mnist,5,1,0.5,original,4,0.079736,0.9771
mnist,5,1,0.5,original,5,0.074928,0.9764
mnist,5,1,0.5,original,6,0.059187,0.9808
mnist,5,1,0.5,original,7,0.052742,0.9826
mnist,5,1,0.5,original,8,0.052455,0.9827
mnist,5,1,0.5,original,9,0.050152,0.9839
mnist,5,1,0.5,original,10,0.046295,0.9847
mnist,5,1,0.5,original,11,0.040945,0.9866
mnist,5,1,0.5,original,12,0.044932,0.9857
mnist,5,1,0.5,original,13,0.047799,0.9845
mnist,5,1,0.5,original,14,0.041809,0.9863
mnist,5,1,0.5,original,15,0.040843,0.9869
mnist,5,1,0.5,original,16,0.038783,0.9879
mnist,5,1,0.5,original,17,0.03791,0.9871
mnist,5,1,0.5,original,18,0.035025,0.9891
mnist,5,1,0.5,original,19,0.032994,0.9893
mnist,5,1,0.5,original,20,0.041047,0.9869
mnist,5,1,0.5,pq,1,0.17995,0.9475
mnist,5,1,0.5,pq,2,0.115664,0.9653
mnist,5,1,0.5,pq,3,0.090486,0.9727
mnist,5,1,0.5,pq,4,0.079736,0.9771
mnist,5,1,0.5,pq,5,0.074928,0.9764
mnist,5,1,0.5,pq,6,0.059187,0.9808
mnist,5,1,0.5,pq,7,0.052742,0.9826
mnist,5,1,0.5,pq,8,0.052455,0.9827
mnist,5,1,0.5,pq,9,0.050152,0.9839
mnist,5,1,0.5,pq,10,0.046295,0.9847
mnist,5,1,0.5,pq,11,0.040945,0.9866
mnist,5,1,0.5,pq,12,0.044932,0.9857
mnist,5,1,0.5,pq,13,0.047799,0.9845
mnist,5,1,0.5,pq,14,0.041809,0.9863
mnist,5,1,0.5,pq,15,0.040843,0.9869
mnist,5,1,0.5,pq,16,0.038783,0.9879
mnist,5,1,0.5,pq,17,0.03791,0.9871
mnist,5,1,0.5,pq,18,0.035025,0.9891
mnist,5,1,0.5,pq,19,0.032994,0.9893
mnist,5,1,0.5,pq,20,0.041047,0.9869
mnist,5,3,0.0,original,1,0.084024,0.974
mnist,5,3,0.0,original,2,0.053183,0.9823
mnist,5,3,0.0,original,3,0.045055,0.9848
mnist,5,3,0.0,original,4,0.038706,0.9877
mnist,5,3,0.0,original,5,0.03621,0.9876
mnist,5,3,0.0,original,6,0.033493,0.9886
mnist,5,3,0.0,original,7,0.032432,0.9884
mnist,5,3,0.0,original,8,0.03291,0.9881
mnist,5,3,0.0,original,9,0.030322,0.9897
mnist,5,3,0.0,original,10,0.030744,0.9897
mnist,5,3,0.0,original,11,0.029619,0.9902
mnist,5,3,0.0,original,12,0.029852,0.9902
mnist,5,3,0.0,original,13,0.029248,0.9903
mnist,5,3,0.0,original,14,0.029335,0.99
mnist,5,3,0.0,original,15,0.028984,0.9906
mnist,5,3,0.0,original,16,0.028396,0.9907
mnist,5,3,0.0,original,17,0.028974,0.9909
mnist,5,3,0.0,original,18,0.029123,0.991
mnist,5,3,0.0,original,19,0.030289,0.9902
mnist,5,3,0.0,original,20,0.030359,0.9908
mnist,5,3,0.0,pq,1,0.084024,0.974
mnist,5,3,0.0,pq,2,0.053183,0.9823
mnist,5,3,0.0,pq,3,0.045055,0.9848
mnist,5,3,0.0,pq,4,0.038706,0.9877
mnist,5,3,0.0,pq,5,0.03621,0.9876
mnist,5,3,0.0,pq,6,0.033493,0.9886
mnist,5,3,0.0,pq,7,0.032432,0.9884
mnist,5,3,0.0,pq,8,0.03291,0.9881
mnist,5,3,0.0,pq,9,0.030322,0.9897
mnist,5,3,0.0,pq,10,0.030744,0.9897
mnist,5,3,0.0,pq,11,0.029619,0.9902
mnist,5,3,0.0,pq,12,0.029852,0.9902
mnist,5,3,0.0,pq,13,0.029248,0.9903
mnist,5,3,0.0,pq,14,0.029335,0.99
mnist,5,3,0.0,pq,15,0.028984,0.9906
mnist,5,3,0.0,pq,16,0.028396,0.9907
mnist,5,3,0.0,pq,17,0.028974,0.9909
mnist,5,3,0.0,pq,18,0.029123,0.991
mnist,5,3,0.0,pq,19,0.030289,0.9902
mnist,5,3,0.0,pq,20,0.030359,0.9908
mnist,5,3,0.05,original,1,0.084024,0.974
mnist,5,3,0.05,original,2,0.053183,0.9823
mnist,5,3,0.05,original,3,0.044206,0.9864
mnist,5,3,0.05,original,4,0.039784,0.9868
mnist,5,3,0.05,original,5,0.036176,0.9878
mnist,5,3,0.05,original,6,0.033804,0.9888
mnist,5,3,0.05,original,7,0.033603,0.9885
mnist,5,3,0.05,original,8,0.03301,0.9889
mnist,5,3,0.05,original,9,0.031633,0.989
mnist,5,3,0.05,original,10,0.030504,0.99
mnist,5,3,0.05,original,11,0.030508,0.9901
mnist,5,3,0.05,original,12,0.029077,0.991
mnist,5,3,0.05,original,13,0.028921,0.9907
mnist,5,3,0.05,original,14,0.028296,0.9908
mnist,5,3,0.05,original,15,0.030123,0.9899
mnist,5,3,0.05,original,16,0.028988,0.9906
mnist,5,3,0.05,original,17,0.030366,0.9908
mnist,5,3,0.05,original,18,0.02908,0.9906
mnist,5,3,0.05,original,19,0.029833,0.9907
mnist,5,3,0.05,original,20,0.030094,0.9906
mnist,5,3,0.05,pq,1,0.084024,0.974
mnist,5,3,0.05,pq,2,0.053183,0.9823
mnist,5,3,0.05,pq,3,0.044206,0.9864
mnist,5,3,0.05,pq,4,0.039784,0.9868
mnist,5,3,0.05,pq,5,0.036176,0.9878
mnist,5,3,0.05,pq,6,0.033804,0.9888
mnist,5,3,0.05,pq,7,0.033603,0.9885
mnist,5,3,0.05,pq,8,0.03301,0.9889
mnist,5,3,0.05,pq,9,0.031633,0.989
mnist,5,3,0.05,pq,10,0.030504,0.99
mnist,5,3,0.05,pq,11,0.030508,0.9901
mnist,5,3,0.05,pq,12,0.029077,0.991
mnist,5,3,0.05,pq,13,0.028921,0.9907
mnist,5,3,0.05,pq,14,0.028296,0.9908
mnist,5,3,0.05,pq,15,0.030123,0.9899
mnist,5,3,0.05,pq,16,0.028988,0.9906
mnist,5,3,0.05,pq,17,0.030366,0.9908
mnist,5,3,0.05,pq,18,0.02908,0.9906
mnist,5,3,0.05,pq,19,0.029833,0.9907
mnist,5,3,0.05,pq,20,0.030094,0.9906
mnist,10,1,0.0,original,1,1.7477791086999332e+20,0.1573
mnist,10,1,0.0,original,2,4.456890087845761e+20,0.1049
mnist,10,1,0.0,original,3,1.0768567370989741e+21,0.1085
mnist,10,1,0.0,original,4,1.5742100938143328e+21,0.1108
mnist,10,1,0.0,original,5,1.762541383215032e+21,0.1095
mnist,10,1,0.0,original,6,2.654760015443851e+21,0.0417
mnist,10,1,0.0,original,7,3.0857212785301966e+21,0.0703
mnist,10,1,0.0,original,8,4.2259624705442175e+21,0.0726
mnist,10,1,0.0,original,9,5.263581932984158e+21,0.053
mnist,10,1,0.0,original,10,6.810241493192573e+21,0.0562
mnist,10,1,0.0,original,11,7.263632571232906e+21,0.0603
mnist,10,1,0.0,original,12,8.378005040149875e+21,0.0885
mnist,10,1,0.0,original,13,9.383737269831377e+21,0.0528
mnist,10,1,0.0,original,14,9.953472346451285e+21,0.0708
mnist,10,1,0.0,original,15,1.301094746515194e+22,0.0951
mnist,10,1,0.0,original,16,1.0429732688987888e+22,0.0897
mnist,10,1,0.0,original,17,1.4094639319233434e+22,0.1066
mnist,10,1,0.0,original,18,1.453754249192346e+22,0.0664
mnist,10,1,0.0,original,19,1.7149664841826208e+22,0.1018
mnist,10,1,0.0,original,20,1.9920851768920213e+22,0.1081
mnist,10,1,0.0,pq,1,0.287954,0.9183
mnist,10,1,0.0,pq,2,0.199648,0.9447
mnist,10,1,0.0,pq,3,0.149198,0.9579
mnist,10,1,0.0,pq,4,0.123962,0.9651
mnist,10,1,0.0,pq,5,0.105092,0.9699
mnist,10,1,0.0,pq,6,0.091847,0.9724
mnist,10,1,0.0,pq,7,0.080662,0.9762
mnist,10,1,0.0,pq,8,0.075526,0.978
mnist,10,1,0.0,pq,9,0.068358,0.9789
mnist,10,1,0.0,pq,10,0.063873,0.9807
mnist,10,1,0.0,pq,11,0.061338,0.9807
mnist,10,1,0.0,pq,12,0.058845,0.9813
mnist,10,1,0.0,pq,13,0.054518,0.982
mnist,10,1,0.0,pq,14,0.053816,0.9823
mnist,10,1,0.0,pq,15,0.049987,0.9836
mnist,10,1,0.0,pq,16,0.049022,0.9843
mnist,10,1,0.0,pq,17,0.047892,0.9841
mnist,10,1,0.0,pq,18,0.046041,0.985
mnist,10,1,0.0,pq,19,0.045069,0.9859
mnist,10,1,0.0,pq,20,0.042888,0.9865
